<?xml version="1.0" encoding="UTF-8"?>
<metadata xml:lang="fr"><Esri><CreaDate>20210629</CreaDate><CreaTime>11075400</CreaTime><ArcGISFormat>1.0</ArcGISFormat><SyncOnce>FALSE</SyncOnce><DataProperties><lineage><Process ToolSource="c:\program files (x86)\arcgis\desktop10.6\ArcToolbox\Toolboxes\Data Management Tools.tbx\CreateFeatureclass" Date="20210119" Time="133532" Name="" export="">CreateFeatureclass \\s-est-tpol\connection-files\PROD\PROD-DIRECT-GISCO.sde\GISCO.LAU_2019 LAU_01M POLYGON \\s-est-tpol\connection-files\PROD\PROD-DIRECT-GISCO.sde\GISCO.LAU_2019\GISCO.LAU_RG_100K_2019 DISABLED DISABLED "GEOGCS['GCS_ETRS_1989',DATUM['D_ETRS_1989',SPHEROID['GRS_1980',6378137.0,298.257222101]],PRIMEM['Greenwich',0.0],UNIT['Degree',0.0174532925199433]];-400 -400 1000000000;-100000 10000;-100000 10000;8,98315284119521E-09;0,001;0,001;IsHighPrecision" # 0 0 0</Process><Process ToolSource="c:\program files (x86)\arcgis\desktop10.6\ArcToolbox\Toolboxes\Data Management Tools.tbx\Append" Date="20210119" Time="142600" Name="" export="">Append y:\JIRA-2019\GISCO_2013_LAU_GENERALISATION\regionsimplify-1.3.1\regionsimplify-1.3.1\test_out\LAU_2019_01M0801.shp \\s-est-tpol\connection-files\PROD\PROD-DIRECT-GISCO.sde\GISCO.LAU_2019\GISCO.LAU_01M NO_TEST "GISCO_ID "GISCO_ID" true true false 50 Text 0 0 ,First,#,y:\JIRA-2019\GISCO_2013_LAU_GENERALISATION\regionsimplify-1.3.1\regionsimplify-1.3.1\test_out\LAU_2019_01M0801.shp,GISCO_ID,-1,-1;CNTR_CODE "CNTR_CODE" true true false 2 Text 0 0 ,First,#,y:\JIRA-2019\GISCO_2013_LAU_GENERALISATION\regionsimplify-1.3.1\regionsimplify-1.3.1\test_out\LAU_2019_01M0801.shp,CNTR_CODE,-1,-1;LAU_ID "LAU_ID" true true false 50 Text 0 0 ,First,#,y:\JIRA-2019\GISCO_2013_LAU_GENERALISATION\regionsimplify-1.3.1\regionsimplify-1.3.1\test_out\LAU_2019_01M0801.shp,LAU_ID,-1,-1;LAU_NAME "LAU_NAME" true true false 250 Text 0 0 ,First,#,y:\JIRA-2019\GISCO_2013_LAU_GENERALISATION\regionsimplify-1.3.1\regionsimplify-1.3.1\test_out\LAU_2019_01M0801.shp,LAU_NAME,-1,-1;POP_2019 "POP_2019" true true false 8 Double 8 38 ,First,#,y:\JIRA-2019\GISCO_2013_LAU_GENERALISATION\regionsimplify-1.3.1\regionsimplify-1.3.1\test_out\LAU_2019_01M0801.shp,POP_2019,-1,-1;POP_DENS_2019 "POP_DENS_2019" true true false 8 Double 8 38 ,First,#,y:\JIRA-2019\GISCO_2013_LAU_GENERALISATION\regionsimplify-1.3.1\regionsimplify-1.3.1\test_out\LAU_2019_01M0801.shp,POP_DENS_2,-1,-1;AREA_KM2 "AREA_KM2" true true false 8 Double 8 38 ,First,#,y:\JIRA-2019\GISCO_2013_LAU_GENERALISATION\regionsimplify-1.3.1\regionsimplify-1.3.1\test_out\LAU_2019_01M0801.shp,AREA_KM2,-1,-1;YEAR "YEAR" true true false 4 Long 0 10 ,First,#,y:\JIRA-2019\GISCO_2013_LAU_GENERALISATION\regionsimplify-1.3.1\regionsimplify-1.3.1\test_out\LAU_2019_01M0801.shp,YEAR,-1,-1;SHAPE.AREA "SHAPE.AREA" false false true 0 Double 0 0 ,First,#;SHAPE.LEN "SHAPE.LEN" false false true 0 Double 0 0 ,First,#" #</Process><Process ToolSource="c:\program files (x86)\arcgis\desktop10.6\ArcToolbox\Toolboxes\Data Management Tools.tbx\ChangePrivileges" Date="20210125" Time="154753" Name="" export="">ChangePrivileges \\s-est-tpol\connection-files\PROD\PROD-DIRECT-GISCO.sde\GISCO.LAU_2019\GISCO.LAU_RG_01M_2019;\\s-est-tpol\connection-files\PROD\PROD-DIRECT-GISCO.sde\GISCO.LAU_2019\GISCO.LAU_RG_100K_2019;\\s-est-tpol\connection-files\PROD\PROD-DIRECT-GISCO.sde\GISCO.LAU_2018\GISCO.LAU_RG_01M_2018;\\s-est-tpol\connection-files\PROD\PROD-DIRECT-GISCO.sde\GISCO.LAU_2018\GISCO.LAU_RG_100K_2018;\\s-est-tpol\connection-files\PROD\PROD-DIRECT-GISCO.sde\GISCO.LAU_2018\GISCO.LAU_RG_100K_2018_AT;\\s-est-tpol\connection-files\PROD\PROD-DIRECT-GISCO.sde\GISCO.LAU_2017\GISCO.LAU_RG_2017_01M;\\s-est-tpol\connection-files\PROD\PROD-DIRECT-GISCO.sde\GISCO.LAU_2017\GISCO.LAU_RG_2017_100K;\\s-est-tpol\connection-files\PROD\PROD-DIRECT-GISCO.sde\GISCO.LAU_2016\GISCO.LAU1_RG_100K_2016;\\s-est-tpol\connection-files\PROD\PROD-DIRECT-GISCO.sde\GISCO.LAU_2016\GISCO.LAU2_RG_01M_2016;\\s-est-tpol\connection-files\PROD\PROD-DIRECT-GISCO.sde\GISCO.LAU_2016\GISCO.LAU2_RG_100K_2016;\\s-est-tpol\connection-files\PROD\PROD-DIRECT-GISCO.sde\GISCO.LAU_2015\GISCO.LAU2_RG_01M_2015;\\s-est-tpol\connection-files\PROD\PROD-DIRECT-GISCO.sde\GISCO.LAU_2015\GISCO.LAU2_RG_100K_2015;\\s-est-tpol\connection-files\PROD\PROD-DIRECT-GISCO.sde\GISCO.LAU_2014\GISCO.LAU2_RG_01M_2014;\\s-est-tpol\connection-files\PROD\PROD-DIRECT-GISCO.sde\GISCO.LAU_2014\GISCO.LAU2_RG_100K_2014;\\s-est-tpol\connection-files\PROD\PROD-DIRECT-GISCO.sde\GISCO.LAU_2013\GISCO.LAU2_RG_01M_2013;\\s-est-tpol\connection-files\PROD\PROD-DIRECT-GISCO.sde\GISCO.LAU_2013\GISCO.LAU2_RG_100K_2013 GISCOREAD GRANT AS_IS</Process><Process ToolSource="c:\program files (x86)\arcgis\desktop10.6\ArcToolbox\Toolboxes\Data Management Tools.tbx\AddIndex" Date="20210205" Time="170548" Name="" export="">AddIndex \\s-est-tpol\connection-files\PROD\PROD-DIRECT-GISCO.sde\GISCO.LAU_2019\GISCO.LAU_RG_01M_2019 GISCO_ID GISCO_LAU_01M_2019 UNIQUE NON_ASCENDING</Process><Process ToolSource="e:\program files (x86)\arcgis\desktop10.8\ArcToolbox\Toolboxes\Data Management Tools.tbx\DeleteFeatures" Date="20210311" Time="132928" Name="" export="">DeleteFeatures \\s-est-tpol\connection-files\PROD\PROD-DIRECT-GISCO.sde\GISCO.LAU_2020\GISCO.LAU_RG_01M_2020</Process><Process ToolSource="e:\program files (x86)\arcgis\desktop10.8\ArcToolbox\Toolboxes\Data Management Tools.tbx\DeleteFeatures" Date="20210312" Time="142848" Name="" export="">DeleteFeatures GISCO.LAU_RG_01M_2020</Process><Process ToolSource="e:\program files (x86)\arcgis\desktop10.8\ArcToolbox\Toolboxes\Data Management Tools.tbx\Append" Date="20210312" Time="152351" Name="" export="">Append LAU_2020_RG_01M_Project GISCO.LAU_RG_01M_2020 NO_TEST "GISCO_ID "GISCO_ID" true true false 50 Text 0 0 ,First,#,LAU_2020_RG_01M_Project,GISCO_ID,-1,-1;CNTR_CODE "CNTR_CODE" true true false 2 Text 0 0 ,First,#,LAU_2020_RG_01M_Project,ICC,-1,-1;LAU_ID "LAU_ID" true true false 50 Text 0 0 ,First,#,LAU_2020_RG_01M_Project,LAU_CODE_1,-1,-1;LAU_NAME "LAU_NAME" true true false 250 Text 0 0 ,First,#,LAU_2020_RG_01M_Project,LAU_LABEL,-1,-1;POP_2019 "POP_2019" true true false 8 Double 8 38 ,First,#;POP_DENS_2019 "POP_DENS_2019" true true false 8 Double 8 38 ,First,#;AREA_KM2 "AREA_KM2" true true false 8 Double 8 38 ,First,#;YEAR "YEAR" true true false 4 Long 0 10 ,First,#;SHAPE.AREA "SHAPE.AREA" false false true 0 Double 0 0 ,First,#;SHAPE.LEN "SHAPE.LEN" false false true 0 Double 0 0 ,First,#" #</Process><Process ToolSource="e:\program files (x86)\arcgis\desktop10.8\ArcToolbox\Toolboxes\Data Management Tools.tbx\AlterField" Date="20210315" Time="162700" Name="" export="">AlterField \\s-est-tpol\connection-files\PROD\PROD-DIRECT-GISCO.sde\GISCO.LAU_2020\GISCO.LAU_RG_01M_2020 POP_2019 POP_2020 # DOUBLE 8 NULLABLE false</Process><Process ToolSource="e:\program files (x86)\arcgis\desktop10.8\ArcToolbox\Toolboxes\Data Management Tools.tbx\AlterField" Date="20210315" Time="162711" Name="" export="">AlterField \\s-est-tpol\connection-files\PROD\PROD-DIRECT-GISCO.sde\GISCO.LAU_2020\GISCO.LAU_RG_01M_2020 POP_DENS_2019 # # DOUBLE 8 NULLABLE false</Process><Process ToolSource="e:\program files (x86)\arcgis\desktop10.8\ArcToolbox\Toolboxes\Data Management Tools.tbx\AlterField" Date="20210315" Time="162733" Name="" export="">AlterField \\s-est-tpol\connection-files\PROD\PROD-DIRECT-GISCO.sde\GISCO.LAU_2020\GISCO.LAU_RG_01M_2020 POP_DENS_2019 POP_DENS_2020 # DOUBLE 8 NULLABLE false</Process><Process ToolSource="e:\program files (x86)\arcgis\desktop10.8\ArcToolbox\Toolboxes\Data Management Tools.tbx\ChangePrivileges" Date="20210315" Time="162838" Name="" export="">ChangePrivileges \\s-est-tpol\connection-files\PROD\PROD-DIRECT-GISCO.sde\GISCO.LAU_2020\GISCO.LAU_RG_01M_2020;\\s-est-tpol\connection-files\PROD\PROD-DIRECT-GISCO.sde\GISCO.LAU_2020\GISCO.LAU_RG_100K_2020 GISCOREAD GRANT AS_IS</Process><Process ToolSource="e:\program files (x86)\arcgis\desktop10.8\ArcToolbox\Toolboxes\Data Management Tools.tbx\DeleteField" Date="20210420" Time="161006" Name="" export="">DeleteField \\s-est-tpol\connection-files\PROD\PROD-DIRECT-GISCO.sde\GISCO.DGURBA_2020\GISCO.DGURBA_RG_01M_2020 POP_2020;POP_DENS_2020;AREA_KM2;YEAR</Process><Process ToolSource="e:\program files (x86)\arcgis\desktop10.8\ArcToolbox\Toolboxes\Data Management Tools.tbx\ChangePrivileges" Date="20210421" Time="112456" Name="" export="">ChangePrivileges \\s-est-tpol\connection-files\PROD\PROD-DIRECT-GISCO.sde\GISCO.DGURBA_2018\GISCO.DGURBA_RG_100K_2018;\\s-est-tpol\connection-files\PROD\PROD-DIRECT-GISCO.sde\GISCO.DGURBA_2020\GISCO.DGURBA_RG_01M_2020;\\s-est-tpol\connection-files\PROD\PROD-DIRECT-GISCO.sde\GISCO.DGURBA_2020\GISCO.DGURBA_RG_100K_2020 GISCOREAD GRANT AS_IS</Process></lineage><itemProps><itemLocation><linkage Sync="TRUE">Server=olrprod6.cc.cec.eu.int; Service=sde:oracle$olrprod6.cc.cec.eu.int:1597/ARCESTP_TAF.cc.cec.eu.int; User=gisco; Version=SDE.DEFAULT</linkage><protocol Sync="TRUE">ArcSDE Connection</protocol></itemLocation><itemName Sync="TRUE">GISCO.DGURBA_RG_01M_2020</itemName><imsContentType Sync="TRUE">002</imsContentType><nativeExtBox><westBL Sync="TRUE">-63.153719</westBL><eastBL Sync="TRUE">55.835730</eastBL><southBL Sync="TRUE">-21.388811</southBL><northBL Sync="TRUE">71.185300</northBL><exTypeCode Sync="TRUE">1</exTypeCode></nativeExtBox></itemProps><coordRef><type Sync="TRUE">Geographic</type><geogcsn Sync="TRUE">GCS_ETRS_1989</geogcsn><csUnits Sync="TRUE">Angular Unit: Degree (0.017453)</csUnits><peXml Sync="TRUE">&lt;GeographicCoordinateSystem xsi:type='typens:GeographicCoordinateSystem' xmlns:xsi='http://www.w3.org/2001/XMLSchema-instance' xmlns:xs='http://www.w3.org/2001/XMLSchema' xmlns:typens='http://www.esri.com/schemas/ArcGIS/10.8'&gt;&lt;WKT&gt;GEOGCS[&amp;quot;GCS_ETRS_1989&amp;quot;,DATUM[&amp;quot;D_ETRS_1989&amp;quot;,SPHEROID[&amp;quot;GRS_1980&amp;quot;,6378137.0,298.257222101]],PRIMEM[&amp;quot;Greenwich&amp;quot;,0.0],UNIT[&amp;quot;Degree&amp;quot;,0.0174532925199433],AUTHORITY[&amp;quot;EPSG&amp;quot;,4258]]&lt;/WKT&gt;&lt;XOrigin&gt;-400&lt;/XOrigin&gt;&lt;YOrigin&gt;-400&lt;/YOrigin&gt;&lt;XYScale&gt;999999999.99999988&lt;/XYScale&gt;&lt;ZOrigin&gt;0&lt;/ZOrigin&gt;&lt;ZScale&gt;1&lt;/ZScale&gt;&lt;MOrigin&gt;0&lt;/MOrigin&gt;&lt;MScale&gt;1&lt;/MScale&gt;&lt;XYTolerance&gt;9.9999999999999995e-07&lt;/XYTolerance&gt;&lt;ZTolerance&gt;0.001&lt;/ZTolerance&gt;&lt;MTolerance&gt;0.001&lt;/MTolerance&gt;&lt;HighPrecision&gt;true&lt;/HighPrecision&gt;&lt;LeftLongitude&gt;-180&lt;/LeftLongitude&gt;&lt;WKID&gt;4258&lt;/WKID&gt;&lt;LatestWKID&gt;4258&lt;/LatestWKID&gt;&lt;/GeographicCoordinateSystem&gt;</peXml></coordRef></DataProperties><SyncDate>20210421</SyncDate><SyncTime>14455400</SyncTime><ModDate>20210421</ModDate><ModTime>14460300</ModTime><scaleRange><minScale>150000000</minScale><maxScale>5000</maxScale></scaleRange><ArcGISProfile>ItemDescription</ArcGISProfile></Esri><dataIdInfo><envirDesc Sync="TRUE"> Version 6.2 (Build 9200) ; Esri ArcGIS 10.8.1.14362</envirDesc><dataLang><languageCode value="fra" Sync="TRUE"/><countryCode value="BEL" Sync="TRUE"/></dataLang><idCitation><resTitle Sync="TRUE">GISCO.DGURBA_RG_01M_2020</resTitle><presForm><PresFormCd value="005" Sync="TRUE"/></presForm></idCitation><spatRpType><SpatRepTypCd value="001" Sync="TRUE"/></spatRpType><dataExt><geoEle xmlns=""><GeoBndBox esriExtentType="search"><exTypeCode Sync="TRUE">1</exTypeCode><westBL Sync="TRUE">-63.153719</westBL><eastBL Sync="TRUE">55.835730</eastBL><northBL Sync="TRUE">71.185300</northBL><southBL Sync="TRUE">-21.388811</southBL></GeoBndBox></geoEle></dataExt><idAbs>&lt;DIV STYLE="text-align:Left;"&gt;&lt;DIV&gt;&lt;P&gt;&lt;SPAN&gt;This dataset contains areas by degree of urbanisation.The degree of urbanisation classifies local administrative units (in Europe into three categories: thinly (rural), intermediate (towns and suburbs or small urban) and densely populated (cities or large urban) areas. The classification is based on a population distribution grid with raster cells of 1 sqkm size.&lt;/SPAN&gt;&lt;/P&gt;&lt;/DIV&gt;&lt;/DIV&gt;</idAbs></dataIdInfo><mdLang><languageCode value="fra" Sync="TRUE"/><countryCode value="BEL" Sync="TRUE"/></mdLang><distInfo><distFormat><formatName Sync="TRUE">SDE Feature Class</formatName></distFormat></distInfo><mdHrLv><ScopeCd value="005" Sync="TRUE"/></mdHrLv><mdHrLvName Sync="TRUE">dataset</mdHrLvName><refSysInfo><RefSystem><refSysID><identCode code="4258" Sync="TRUE"/><idCodeSpace Sync="TRUE">EPSG</idCodeSpace><idVersion Sync="TRUE">9.2.2(4.0.0)</idVersion></refSysID></RefSystem></refSysInfo><spatRepInfo><VectSpatRep><geometObjs Name="GISCO.DGURBA_RG_01M_2020"><geoObjTyp><GeoObjTypCd value="002" Sync="TRUE"/></geoObjTyp><geoObjCnt Sync="TRUE">98613</geoObjCnt></geometObjs><topLvl><TopoLevCd value="001" Sync="TRUE"/></topLvl></VectSpatRep></spatRepInfo><spdoinfo><ptvctinf><esriterm Name="GISCO.DGURBA_RG_01M_2020"><efeatyp Sync="TRUE">Simple</efeatyp><efeageom code="4" Sync="TRUE"/><esritopo Sync="TRUE">FALSE</esritopo><efeacnt Sync="TRUE">98613</efeacnt><spindex Sync="TRUE">TRUE</spindex><linrefer Sync="TRUE">FALSE</linrefer></esriterm></ptvctinf></spdoinfo><eainfo><detailed Name="GISCO.DGURBA_RG_01M_2020"><enttyp><enttypl Sync="TRUE">GISCO.DGURBA_RG_01M_2020</enttypl><enttypt Sync="TRUE">Feature Class</enttypt><enttypc Sync="TRUE">98613</enttypc></enttyp><attr><attrlabl Sync="TRUE">OBJECTID</attrlabl><attalias Sync="TRUE">OBJECTID</attalias><attrtype Sync="TRUE">OID</attrtype><attwidth Sync="TRUE">4</attwidth><atprecis Sync="TRUE">10</atprecis><attscale Sync="TRUE">0</attscale><attrdef Sync="TRUE">Internal feature number.</attrdef><attrdefs Sync="TRUE">Esri</attrdefs><attrdomv><udom Sync="TRUE">Sequential unique whole numbers that are automatically generated.</udom></attrdomv></attr><attr><attrlabl Sync="TRUE">GISCO_ID</attrlabl><attalias Sync="TRUE">GISCO_ID</attalias><attrtype Sync="TRUE">String</attrtype><attwidth Sync="TRUE">50</attwidth><atprecis Sync="TRUE">0</atprecis><attscale Sync="TRUE">0</attscale></attr><attr><attrlabl Sync="TRUE">CNTR_CODE</attrlabl><attalias Sync="TRUE">CNTR_CODE</attalias><attrtype Sync="TRUE">String</attrtype><attwidth Sync="TRUE">2</attwidth><atprecis Sync="TRUE">0</atprecis><attscale Sync="TRUE">0</attscale></attr><attr><attrlabl Sync="TRUE">LAU_ID</attrlabl><attalias Sync="TRUE">LAU_ID</attalias><attrtype Sync="TRUE">String</attrtype><attwidth Sync="TRUE">50</attwidth><atprecis Sync="TRUE">0</atprecis><attscale Sync="TRUE">0</attscale></attr><attr><attrlabl Sync="TRUE">LAU_NAME</attrlabl><attalias Sync="TRUE">LAU_NAME</attalias><attrtype Sync="TRUE">String</attrtype><attwidth Sync="TRUE">250</attwidth><atprecis Sync="TRUE">0</atprecis><attscale Sync="TRUE">0</attscale></attr><attr><attrlabl Sync="TRUE">SHAPE</attrlabl><attalias Sync="TRUE">SHAPE</attalias><attrtype Sync="TRUE">Geometry</attrtype><attwidth Sync="TRUE">4</attwidth><atprecis Sync="TRUE">0</atprecis><attscale Sync="TRUE">0</attscale><attrdef Sync="TRUE">Feature geometry.</attrdef><attrdefs Sync="TRUE">Esri</attrdefs><attrdomv><udom Sync="TRUE">Coordinates defining the features.</udom></attrdomv></attr><attr><attrlabl Sync="TRUE">SHAPE.AREA</attrlabl><attalias Sync="TRUE">SHAPE.AREA</attalias><attrtype Sync="TRUE">Double</attrtype><attwidth Sync="TRUE">0</attwidth><atprecis Sync="TRUE">0</atprecis><attscale Sync="TRUE">0</attscale></attr><attr><attrlabl Sync="TRUE">SHAPE.LEN</attrlabl><attalias Sync="TRUE">SHAPE.LEN</attalias><attrtype Sync="TRUE">Double</attrtype><attwidth Sync="TRUE">0</attwidth><atprecis Sync="TRUE">0</atprecis><attscale Sync="TRUE">0</attscale></attr></detailed></eainfo><mdDateSt Sync="TRUE">20210421</mdDateSt></metadata>
