<?xml version="1.0" encoding="UTF-8"?>
<info version="1.1">
  <general>
    <createDate>2021-04-21T14:28:15</createDate>
    <changeDate>2021-06-29T11:08:21</changeDate>
    <schema>iso19139</schema>
    <isTemplate>n</isTemplate>
    <localId>48275</localId>
    <format>full</format>
    <rating>0</rating>
    <popularity>1</popularity>
    <uuid>8a06056e-5555-4c20-b8ed-0e5f8203a57d</uuid>
    <siteId>95df5ddf-ee4c-4ee1-90d4-e4f27e0e8acb</siteId>
    <siteName>Geoportal of the European Commission</siteName>
  </general>
  <categories />
  <privileges>
    <group name="ESTAT - GISCO" groupOwner="true">
      <operation name="view" />
      <operation name="notify" />
    </group>
  </privileges>
  <public>
    <file name="DEGURBA_thumbnail.png" changeDate="2016-10-12T16:12:06" />
  </public>
  <private />
</info>

